name,observations_2017,start_price,end_price,y_log_return,volatility,avg_volume_mln,momentum_90,trend_ma30
A,251,46.49,67.6,0.3743707473464249,0.17027774675714405,1.8493462709163344,0.19021318660161682,0.04494156449415635
AAL,251,46.3,52.99,0.13496125541248233,0.2862403772780558,5.871767992031872,0.005170196781957314,0.005975521958243431
AAP,251,170.6,106.09,-0.47503384458639847,0.404268582016685,1.6616654063745027,-0.15605753775745496,-0.018706525986713473
AAPL,251,116.15,172.26,0.39412250414460936,0.1816447945014747,27.079968705179287,0.2817454151540912,0.06312813890084652
ABBV,251,62.41,98.41,0.4554169059649426,0.17786572631683586,5.977824581673305,0.0452665173364337,-0.01484804785557863
ABC,251,82.61,94.04,0.12958948509745485,0.2581379208687913,1.7899028446215144,0.07293135893334858,0.04509946334180691
ABT,251,39.05,58.79,0.4091288961284687,0.13913333908202083,6.5999430876494,0.11615986670404718,0.058130601792573705
ACN,251,116.46,153.84,0.27836523487155057,0.1332894993740432,2.1068804900398415,0.03658841909174081,-0.005484000228977036
ADBE,251,103.48,177.7,0.5407183778427772,0.21511731582508375,2.470288103585658,0.2754066111215931,0.079380878752738
ADI,251,72.505,90.28,0.21926042694947653,0.20240084680902468,2.944897462151395,0.07867847632828695,0.024487966347148584
ADM,251,46.19,40.09,-0.14163639778809833,0.18674688687245725,3.0180631633466133,-0.09437967542548861,-0.038363282095691675
ADP,251,103.5,115.99,0.11393236778836112,0.19412659935737164,2.7998252071713137,-0.07044319806459802,-0.025101449275362307
ADS,251,233.01,255.33,0.09147545505731382,0.2423358771801009,0.5877539641434264,0.07476989506387373,-0.012437234453456916
ADSK,251,76.18,107.12,0.34085074033245893,0.3057094736433524,2.1256931792828686,0.22508443371329637,0.06722674367725551
AEE,251,52.38,58.39,0.10861980321588037,0.12122681009374778,1.4101017450199205,0.03875801029940372,-4.6455390098011076e-4
AEP,251,62.76,72.41,0.14302648353589753,0.10935840912130132,2.307721374501992,0.07355013654137602,0.007398555343106054
AES,251,11.66,10.88,-0.06923793949454969,0.2100684902833374,5.424338501992032,-0.016429249781067003,-0.013493424814179568
AET,251,122.84,180.69,0.38590016015111783,0.1924309993892375,2.596559697211156,0.161635276410506,-0.012088896125040698
AFL,251,69.77,87.97,0.23179172931343806,0.1126286270587455,1.7627172231075703,0.05832028856777895,-7.405284028473888e-4
AGN,251,216.19,170.32,-0.23847863008114908,0.21314443792147358,2.917130812749003,0.06630334896172364,0.03357232064387811
AIG,251,65.12,59.5,-0.09025540914270087,0.1679173148814596,5.786385147410359,-0.052490182621396805,0.00881961506961499
AIV,251,44.94,43.45,-0.03371741504578198,0.13625342196507434,1.0571470318725096,-0.03948777150711839,-0.005963506898086353
AIZ,251,94.12,99.23,0.05286982406698848,0.2036932344380302,0.39551835059760954,0.08675457960578085,0.01562544269726582
AJG,251,52.24,62.17,0.1740240833130706,0.11839503419204025,0.892616701195219,0.05384554763341663,0.024291730474731973
AKAM,251,67.57,65.56,-0.030198343688454143,0.34371910118258453,2.2687567171314744,-0.3041456011562357,0.009659118938385019
ALB,251,88.05,131.53,0.4013301275384722,0.24182228512805107,1.1699018565737056,0.22928027645260593,0.05684648873745985
ALGN,251,96.96,224.62,0.8401115632138858,0.3392117887635699,1.0187978964143425,0.349034443372455,-0.025415979097909745
ALK,251,88,75.01,-0.1597153764966615,0.28088914046095825,1.4853620796812752,-0.05069538704537338,0.06254166666666659
ALL,251,74.17,101.92,0.31782843607538647,0.12653081265256563,1.8320881434262948,0.12338504013351134,0.019900229203181866
ALLE,251,64.7,79.91,0.21113979987951645,0.17358628153460473,0.6864948007968129,0.17780337961192486,0.03206594538897463
ALXN,251,122.63,124.05,0.011513018363875386,0.3183064116371274,2.2697485139442226,-0.029712120689152802,0.07564761205795215
AMAT,251,31.94,53.04,0.5071872030907406,0.2646695021074368,10.091930936254982,0.3084419194661422,0.06680233771655186
AMD,251,11.43,10.98,-0.04016604172533464,0.59508179392784,65.16214863346613,-0.03200273108617372,0.002595508894721557
AME,251,49.22,72.75,0.39072886108869215,0.13220554029627854,1.3221971713147411,0.1955413870410725,0.03961126913178922
AMG,251,145.79,203.04,0.33123577384934705,0.18859603102480027,0.399955725099602,0.04447263812124072,0.03325788234218172
AMGN,251,150.73,177,0.16065957575139128,0.17653289773778416,3.173321127490038,0.06018353345304016,0.05207766646763537
AMP,251,111.85,169.91,0.4181101971615287,0.19559727338636168,1.0106620916334657,0.13166330999751324,0.04392489941886465
AMT,251,106.15,141.13,0.2848282632766505,0.15742638642180876,1.9802783386454181,0.17364847554052573,-0.013735280263777792
AMZN,251,753.67,1189.01,0.4559217006625065,0.2047995353472398,3.51002945816733,0.2289989715919416,0.07890677175244702
ANDV,251,88.78,114.77,0.25676872628668773,0.20464663932299337,1.9173866852589652,-0.08151747486659885,-0.06279192010212517
ANSS,251,93.35,148.55,0.46456573192088524,0.19425835654513646,0.5417172310756974,0.25021878573183076,0.012462060346366804
ANTM,251,143.24,226,0.45601345414205385,0.1813184480622028,1.589748876494024,0.2434333813374133,0.06351577771572176
AON,251,112.08,131.49,0.15971790107007605,0.12196782973423828,1.0917143187250995,0.10348509648791378,0.01137282893171552
AOS,251,47.5,61.53,0.25879514971180334,0.15826268104452268,0.9791227330677293,0.13028930061404842,0.021256140350877216
APA,251,63.78,44.3,-0.36445498453082176,0.330998466165973,3.5962714780876497,-0.22224242092235905,-0.0480505905717571
APC,251,70.25,54.77,-0.2489177094182251,0.2689348449257246,5.0499051195219105,-0.30970210298963613,-0.005542111506524213
APD,251,143.4,165.51,0.14339368778692901,0.13490992256815762,1.2551009243027889,0.0032026762736902443,-0.001087866108786652
APH,251,67.43,87.8,0.2639714778945803,0.11892292224953149,1.1368050517928288,0.07415034323969907,0.005200454792624272
ARE,251,110.58,129.93,0.16125660298485814,0.137609204763868,0.7248821115537851,0.03980139792558028,0.01259118586845126
ARNC,251,19.19,27.76,0.36920682561899515,0.3231892200867355,4.059556282868526,0.34919524277554626,0.21306235886746558
ATVI,251,36.64,64.31,0.5625746003408423,0.30082227585741955,6.674923533864541,0.41973687053429865,0.08549854439592428
AVB,251,176.62,177.24,0.0035042142906325686,0.1319719872264075,0.670522298804781,0.0825569002591488,-0.003317857547276711
AVGO,251,178.34,267.01,0.4035942701756837,0.2399554351480153,2.7932286454183264,0.2591154043262508,0.08469029195170275
AVY,251,70.14,115.68,0.5003345136984225,0.16313694881323995,0.656950625498008,0.1754306509990327,0.06778348065773218
AWK,251,72.25,89.08,0.2094025153966253,0.1296295819126136,0.8558846334661354,0.04690999934858046,-9.919261822376822e-4
AXP,251,75.35,98.94,0.27236968072705814,0.1310915697121739,3.566841868525898,0.03353873426177539,0.021747401017473997
AYI,251,234.19,179.81,-0.2642320138602123,0.3635680787659388,0.7031903745019921,-0.21661043166622737,-0.09163499722447589
AZO,251,791.46,736.54,-0.071915795730909,0.27049373830582907,0.4614057649402389,-0.13162354227186393,-0.04628155560609506
BA,251,156.97,296.84,0.6371385688148171,0.1753066635351128,3.281978123505976,0.15855491318743595,0.032755728270794926
BAC,251,22.53,29.9,0.28301072595248755,0.21749154075991844,78.80172000796809,0.06611849735082752,0.017458203876312955
BAX,251,44.44,67.17,0.41308675450734395,0.13194140477663774,2.6691176812749013,0.2374422757143562,0.058130813081308186
BBT,251,46.98,49.92,0.0606997448304055,0.17408616473395933,4.328474984063745,-0.0878244323802584,-0.011174968071519766
BBY,251,42.76,69.16,0.4808195746582453,0.3568074758006496,4.3902382111553795,0.1950635428635061,0.029505768631119512
BDX,251,165.15,217.84,0.2769066965287056,0.1586726961666696,1.3176307609561753,0.11274462999983298,0.05204157836310417
BEN,251,40.44,43.25,0.06717783922561762,0.17070083319837037,2.2211316733067727,0.06879502798051922,0.0018628420705571968
BF.B,251,45.08,67.7,0.40664749074665385,0.1950128747513534,0.9104568087649404,0.09575373714138209,0.0072907423839101695
BHF,117,70,57.67,-0.19375813442203776,0.2652218778364343,1.0484379401709403,-0.23283320186172704,-0.10729000000000001
BHGE,126,57.68,32.23,-0.5820127971493473,0.6848088538166311,3.864731,-0.546354592994039,-0.3638985205732778
BIIB,251,291.71,334.17,0.1358896874427737,0.23269101601364003,1.4463012908366533,-0.1378355141895229,-0.038830802280803836
BK,251,47.96,53.82,0.11527781513944634,0.14814597745119149,4.540018980079681,-0.021710200352987225,-0.03956074506533227
BLK,251,386.43,508.97,0.2754383366411725,0.1398797780325727,0.5183093227091633,-0.009255233100830703,-0.017847993168232257
BLL,251,37.875,38.63,0.019737912848656888,0.16589511483508282,2.430080852589642,0.054588190284402996,-0.0025786578657866345
BMY,251,59.45,61.31,0.03080733863780576,0.2326110027615441,8.22331632669322,-0.07526021754114014,-0.10282590412111028
BRK.B,251,163.83,197.22,0.1854905520720109,0.10958138364510281,3.3692738565737055,-0.003424032694098979,-0.005867871167267027
BSX,251,21.88,25.28,0.14444059172487636,0.1825655218510044,7.040920529880477,0.186654022811415,0.0925045703839123
BWA,251,40.07,51.78,0.2563760496753384,0.22456075298219388,1.777789944223108,0.042985860806053815,0.0119707179103236
BXP,251,127.18,129.28,0.016377188933523395,0.1549795404988093,0.6916576215139444,-0.047831353649659424,0.027320857577187056
C,251,60.59,74.36,0.20478829989634545,0.17641530305440595,16.842770573705177,0.0018138351085549222,-0.04146448808934375
CA,251,32.29,33.58,0.03917306687921079,0.21898202438082698,2.4776968525896406,-0.007772462570025364,-0.00405698358624962
CAG,251,39.76,37.52,-0.05798725765034928,0.16174625866973097,3.4749128804780884,-0.05878715104055254,-0.017094232059020685
CAH,251,74.48,63.23,-0.16375176089828994,0.24521994692773347,2.481627968127491,-0.023089440784797882,0.01205692803437159
CAT,251,93.99,157.04,0.5133121563359956,0.2020257015842648,4.332685,0.07183310840625545,0.008405149483987726
CB,251,131.71,142.3,0.07733496908485167,0.13164121919653163,1.4051435179282867,0.040910062922128766,-0.001794346164553446
CBG,251,31.57,43.82,0.3278830315974201,0.19647816652030176,1.95541487250996,0.10085242840150119,-0.009534368070953498
CBOE,251,73.01,122.75,0.5195533486066355,0.1384115488381227,1.108848498007968,0.14449693754257936,0.050084463315527544
CBS,251,64.39,59.17,-0.08454368486148937,0.2146171640668131,4.1305125059761005,-0.025799763538198843,-0.007309623647564317
CCI,251,86.8,108.93,0.22709885242804972,0.15597274110759596,2.3142386414342626,0.08414629345183632,0.0033141321044546836
CCL,251,52.14,66.75,0.2470218887750032,0.16503527602199805,3.150146844621514,0.17304067320847236,0.049558879938626836
CDNS,251,25.34,42.05,0.5064752115259641,0.19779765602879668,2.3501117928286845,0.26382031034749703,0.06372007366482511
CELG,251,118.75,106.16,-0.1120730528907986,0.2928918974622011,4.824354163346611,0.006463278469756445,-0.0233150877192982
CERN,251,49.4,68.57,0.3279046971023961,0.2171889412676144,2.3354898804780886,0.27058327638577034,0.047132253711201076
CF,251,31.87,43.14,0.3027855125317653,0.38672577303661826,4.4013357689243024,-0.15844815512729352,0.0887250287626818
CFG,251,35.86,42.68,0.1741079582565658,0.24567827256130045,4.684138501992032,0.031295444467237664,0.009472020821714057
CHD,251,44.34,49.43,0.10867032313070245,0.14790732732201883,1.7220446294820717,0.13344681529965302,0.028003307773267188
CHK,251,6.92,4.1,-0.5234287959193161,0.48602198819064063,33.847765653386446,-0.1904469642378717,-0.030876685934489403
CHRW,251,72.85,89.74,0.20851406790662344,0.18565369540172577,1.5165658366533867,-0.043055096882585686,0.026003202928391707
CHTR,251,285.77,348.97,0.19979866714553746,0.24522566376606408,1.70365235059761,0.12743717027647836,0.09234699233649454
CI,251,135.72,202.56,0.4004421990397819,0.15773624971432368,1.3444011593625496,0.18817432417142654,0.0683736123391295
CINF,251,75.79,73.08,-0.036411626314131904,0.17122002822466195,0.521204406374502,-0.08836771628233427,-0.054527862075031866
CL,251,65.54,75.14,0.1366923968751543,0.15513522593638163,3.5368326055776875,0.0887137212996181,0.01508493540840189
CLX,251,121.02,144.99,0.18070895333092715,0.139015656936932,0.8078315657370516,0.09153207474654615,0.01026276648487857
CMA,251,68.96,86.57,0.22742670887224478,0.22626176689403815,1.6862833386454184,0.02406992994026703,-0.005022235112142313
CMCSA,251,34.525,41.07,0.17359422867311147,0.1954660320599069,20.333741095617526,0.1285224895529591,0.06326816316678739
CME,251,114.4,144.79,0.23558333784763266,0.15334782192195967,1.3752452629482068,0.020676371344776553,0.03274766899766893
CMG,251,374.77,292.95,-0.24631055848044808,0.31310586720744116,1.164213306772908,0.26506790783164214,0.08898168654552571
CMI,251,139.79,177.06,0.2363473616998659,0.1807910746107943,1.2821039003984065,0.1278190642324881,0.030562510432315157
CMS,251,41.53,46.95,0.12266714801160984,0.1109826771856496,1.8255317131474105,0.08468102919552331,0.01657436391363671
CNC,251,58.31,102.59,0.5649668568655568,0.2708012905382547,1.6742606573705177,0.26811265411188195,0.09647859143657464
CNP,251,24.59,28.02,0.13057868468075975,0.1293706962121602,2.8307815816733064,0.10893281790606724,0.0460349735664905
COF,251,88.87,99.61,0.11408793340669036,0.2088775316957496,2.5743858286852594,-0.10314999041382927,-0.007392820974457032
COG,251,22.34,28.9,0.2574628014773318,0.28863867792881975,5.829700940239046,0.10486800406265488,0.009116681587585804
COL,251,93.09,135.88,0.37820537616398453,0.2782781044094439,1.7610021752988045,0.11427969314012916,-0.021882049629390977
COO,251,175.15,220.62,0.23079901489773988,0.20823306467600206,0.42811395219123505,0.16900654615193114,0.045201256066228955
COP,251,50.61,55.32,0.08898532157057094,0.3013124956772817,7.015596071713146,-0.0651051045887272,-0.012467891721003758
COST,251,159.73,188.32,0.1646577537101013,0.1967701479030959,3.0779616733067723,0.06969797979618085,0.031563680377303484
COTY,251,18.67,19.88,0.06279624367479665,0.33136231792815796,5.493204071713147,0.04861160868284031,0.017889662560257074
CPB,251,60.64,47.39,-0.2465435053546193,0.2337337089249376,2.053051187250997,-0.05073797020279482,0.026302770448548795
CRM,251,70.54,104.41,0.39214553149411285,0.15892373225538045,4.398730175298805,0.21785599315538418,0.09426330214535485
CSCO,251,30.54,38.86,0.24092814415880764,0.159291662827749,20.215773517928287,0.09638122596169205,0.005359091901331622
CSRA,251,32.04,30.44,-0.05122758920667328,0.21064322612237393,1.0509682111553784,-0.08871524518170772,-0.004483978360382902
CSX,251,35.89,56.34,0.45094605728871073,0.3195843061031586,8.65609907569721,0.3734737033458398,0.2138943066778119
CTAS,251,116.32,156.85,0.2989449208514779,0.1746517568045494,0.5539028087649404,0.052092493512299366,-0.006800206327372738
CTL,251,25.35,17.41,-0.37573397625709454,0.3444861397641684,11.206059768924309,-0.03655759573379758,-0.0017094017094018365
CTSH,251,56.52,70.95,0.2273808457897249,0.16041012255376527,3.967568976095618,0.12818716595900245,-0.009784147204529447
CTXS,251,90.13,88.69,-0.01610592917995745,0.3286894519460332,1.681591274900398,-0.03408138473751773,-0.03786752468656382
CVS,251,80.35,73.52,-0.08883461413608999,0.21959429697814437,7.027358976095618,0.023735972601234966,-0.006160547604231368
CVX,251,117.85,127.58,0.07933098943166915,0.1439148853575611,5.568236258964144,-0.10399436304869188,-0.027161646160373303
CXO,251,136.66,151.9,0.10572632024909509,0.259502791654561,1.2582274422310755,-0.03098891847260038,0.011371286404214856
D,251,76.25,80.28,0.0515031084406164,0.13844258843170174,2.325064557768924,0.01767886937852634,-0.019991256830601063
DAL,251,49.48,56.74,0.13691088185641823,0.23459278563138244,7.709579091633464,0.004235158089942066,-2.829426030718633e-4
DE,251,104.05,158.01,0.41778676932376413,0.17174701599962977,2.350521402390438,0.0866669319632546,0.028460675957071878
DFS,251,72.73,76.91,0.05588195290251297,0.17788814796327548,2.6120792390438248,-0.18841737067481126,-0.03456620376735886
DG,251,74.19,94.06,0.23730350631546743,0.23092036587590473,2.8313662231075702,-0.029130264881487344,-0.009403783079480565
DGX,251,92.45,98.9,0.06744128079553269,0.15506753678105212,1.0140948685258966,0.14998532977682166,0.0014602487831259156
DHI,251,27.56,51.06,0.6166359656678799,0.1834256912235351,3.98286219123506,0.18768932095640545,0.0651548137397195
DHR,251,78.78,92.44,0.15990062786342002,0.13106375003751983,2.5944211872509966,0.049527328777826445,0.03686214775323682
DIS,251,106.08,111.8,0.05251803428344644,0.15291298772193493,7.409103243027886,0.03246134967271739,0.025402212166918015
DISCA,251,27.96,23.11,-0.19050949307932025,0.29819274702728793,4.05038276095618,-0.06006594385739152,-0.004530281354315762
DISCK,251,27.37,21.83,-0.22616235249073532,0.30100480201951346,2.504185031872509,-0.06295653115141368,-0.006832298136646005
DISH,251,59.69,50.2,-0.17314947548287485,0.25396753473905365,2.625111541832669,0.031984262793593336,0.023030099960909194
DLR,251,99.36,112.66,0.12562481528139932,0.2001766671960852,1.2593577091633466,0.1345498955134505,0.060443505099302235
DLTR,251,77.45,108.69,0.33886722671221786,0.2193022375839358,2.7028357410358566,0.050847746469250596,-0.004338282763072931
DOV,251,76.42,101.69,0.2856845277842921,0.18659374106962956,1.2023077888446214,0.04440624647519659,0.027095873680537393
DPS,251,90.86,95.27,0.047395105387430796,0.13977278412008834,1.1915166015936256,4.4014085217601394e-4,0.0036172866681340892
DRE,251,26.62,26.89,0.010091657313807765,0.14931821512617985,2.6594356653386457,0.050898776305051636,-0.03012772351615325
DRI,251,72.06,96.32,0.2901768762405636,0.211908545788417,1.6243642868525898,0.20233458935684645,0.015519474511980644
DTE,251,98.21,108.45,0.09918119410320066,0.1123033516010768,0.8751156135458169,0.0645639764698283,-4.072904999481395e-5
DUK,251,77.73,83.23,0.06836657651587556,0.10512920402043077,2.5927560557768916,0.06559932455446962,-0.00280029160770196
DVA,251,65.09,72.54,0.1083672062704603,0.3051668708826388,1.6545961195219108,0.02712904119215001,-0.012147283248834946
DVN,251,47.08,42.23,-0.10871741344622385,0.3084015144811426,4.739788645418327,-0.2155787785504369,-0.018061455678278073
DXC,189,67.95,95.05,0.33563092833728536,0.19575874071052346,2.0388384814814793,0.19982747430756923,0.12000981113563901
EA,251,79.17,109.45,0.3238703847855295,0.23767152131782243,2.961537406374502,0.3158897892939626,0.02871458043871828
EBAY,251,29.84,38.06,0.24331408653244344,0.18952267766021996,8.857400952191236,0.13403394728791826,0.05182082216264521
ECL,251,118.04,134.5,0.13054064896715514,0.1046337814773298,0.9422740398406374,0.07103528901923402,0.01586467864000898
ED,251,73.63,83.58,0.1267517056391438,0.11164657176472015,1.5144809083665338,0.07620119900582731,0.0012132735750827522
EFX,251,118.76,119.54,0.00654639350054903,0.4126658035578581,1.425936641434262,0.13297338920938165,0.017306612776467858
EIX,251,71.75,63.25,-0.1260927270321009,0.2145184367564674,1.9752154860557771,0.09080209254799963,0.011735191637630645
EL,251,77.33,127.59,0.5007400193127077,0.18031838272740394,1.8915503984063744,0.1834416671988489,0.041195741195741147
EMN,251,75.92,94.27,0.21648285110638651,0.16045333825444483,1.1397641832669323,0.025103743978334907,0.026505971197751985
EMR,251,56.95,70.74,0.21683749388414328,0.17020677343870577,3.385085916334662,0.02102414333207277,0.038267486098917156
EOG,251,103.54,109.3,0.054138383708737456,0.20633350002080753,3.0419073944223114,-0.093688933405825,-0.0081739746313824
EQIX,251,358.72,446.92,0.21983746779534205,0.1698362374553918,0.4889597131474105,0.17837850473872693,0.05756300178412132
EQR,251,63.63,63.51,-0.0018876834298173935,0.12336458039281686,1.6982991474103581,0.018374855194923802,-0.018691392948818754
EQT,251,64.07,58.62,-0.08890030036818376,0.3721488429360401,3.1013731593625504,-0.12149680627022481,-0.012111752770407309
ES,251,55.08,63.15,0.13672617493604602,0.11394324659793255,1.4367099322709165,0.0768534477315002,0.0029774872912128082
ESRX,251,69.4,75.23,0.08066322005937136,0.23973844800320265,4.107048171314742,-0.13460236525232389,0.00763688760806918
ESS,251,229.25,240.08,0.046159089995537396,0.14117589966544025,0.3487899960159363,0.09195370551585359,-0.00841875681570341
ETFC,251,35.22,49.82,0.34680240676597435,0.23881535542577473,2.6772381314741014,-0.009700504027281098,0.031842703009653535
ETN,251,68.53,78.86,0.1404025228517488,0.1607083026384824,2.292720490039841,0.11692335076714215,0.01258329685295986
ETR,251,72.94,82.6,0.12437249514639813,0.1347500642156878,1.2196010876494023,0.032904802458455215,-0.020062151540078673
EVHC,251,63.31,35.18,-0.5875655552466231,0.53685996876344,2.2884042031872487,-0.0974764796798301,0.07077344284736478
EW,251,95.52,111.58,0.1554061727730903,0.24288981482707045,1.6217882031872517,0.14341486468266354,-0.00820770519262973
EXC,251,35.19,39.59,0.11781460978454564,0.15571688030270778,4.902277414342628,-0.049216512502472956,0.007378990243440404
EXPD,251,53.1,64.98,0.20190260199306112,0.17078959564681295,1.1130307968127493,0.003008652137892877,0.0034777150031387
EXPE,251,112.44,121.42,0.07683586366395687,0.2653169111910297,2.040804211155379,0.21822217623738968,0.0629520929681015
EXR,251,77.05,85.68,0.10616486437336867,0.1952488487350302,0.9993109760956174,-0.060730078382623266,-0.03420289855072466
F,251,12.59,12.66,0.005544568659774394,0.1803754157385628,36.994073621513934,-0.13409889732166722,-0.003786073603388904
FAST,251,46.95,54.54,0.14985117176317048,0.23166373564775714,2.745809458167331,-0.042865259123102385,0.048139865104721256
FB,251,116.86,181.42,0.439838148060507,0.17029513424260995,16.790249215139436,0.24992528808739553,0.10266700895658618
FBHS,251,53.89,68.74,0.24338633947628244,0.14293923620037527,1.0403721872509963,0.15730028873015456,0.028193233129213874
FCX,251,13.78,19.77,0.360947371597013,0.3966124094621984,21.002834589641424,-0.16534028818543142,0.13616352201257861
FDX,251,187.7,257.6,0.3165630506377355,0.17042497236762894,1.4973453027888446,0.01659043705544311,0.007032498668087489
FE,251,30.95,30.82,-0.0042091692386353385,0.161548071029245,4.230291043824701,-0.07165045003416799,-0.020667743672590205
FFIV,251,144.8,132.58,-0.08816724313837052,0.22435303867538042,0.7809856294820716,-0.1082806744992312,-0.029884898710865623
FIS,251,76.98,93.7,0.19655254138877643,0.12599847368467978,1.519663099601594,0.08249787223505572,0.026985364163852017
FISV,251,107.34,130.35,0.19422177363082785,0.12201749898354566,0.8580015498007969,0.11032302828135629,0.01021675672318487
FITB,251,27.05,30.43,0.11774195861638904,0.2121534334023245,5.823537159362551,-0.10146587098909593,-0.015600739371534217
FL,251,71.73,47.89,-0.4040023557838251,0.5459633795876258,3.5843366215139456,0.05532113992986944,-0.026404572703192603
FLIR,251,36.09,47.11,0.26646947405725246,0.19770787355654657,0.9532757768924299,0.03565488576578888,-0.013715710723192144
FLR,251,53.03,52.33,-0.013287970764922205,0.3928614607774491,1.3949781553784855,-0.10529766013123351,0.029448739707084053
FLS,251,49.01,42.5,-0.1425202829910849,0.27459027978030925,1.3840828286852587,0.0032593225023919703,0.017792287288308506
FMC,251,57.03,95.73,0.5179542837898143,0.24718527760713332,1.254013928286852,0.2542520307046786,0.04006078672043953
FOX,251,28,35.36,0.2333767275942388,0.2453079394223544,2.9139087928286846,0.011363758650315003,0.06191666666666672
FOXA,251,28.72,35.86,0.2220287239969634,0.2508265258708975,9.390104920318727,-0.0069881486339282515,0.05300603528319414
FRT,251,143.4,133.75,-0.06966554238940408,0.17060183860129594,0.4618229840637451,-0.10025964672640285,-0.015690376569037656
FTI,251,36.39,31.86,-0.132942707142166,0.27159021359408014,4.011499314741039,-0.14335453806709894,-0.058981405147934346
FTV,251,53.73,72.38,0.2979585133948663,0.1542953820463581,1.3233996772908367,0.15311321115752954,0.0247533966126932
GD,251,175.45,200.49,0.13341026816186446,0.14045222292476303,1.1492801155378487,0.10554288717190131,0.02347487413318144
GE,251,31.69,17.98,-0.5667411446593552,0.2003956360526046,46.085665167330646,-0.09319818002798566,-0.03726727674345222
GGP,251,25.37,23.74,-0.06640598442966858,0.29538061372659596,6.440078936254982,-0.1231680250790736,-0.011824990145841572
GILD,251,74.16,74.1,-8.09388955558584e-4,0.2126989123152195,9.126968577689242,-0.10587005453617573,-0.030964581085940357
GIS,251,62.09,59.04,-0.05036976508458444,0.17846944114569765,3.773659792828685,-0.09860114231509072,-5.100123476674728e-4
GLW,251,24.3,32.62,0.294449246846365,0.1826244932108003,6.061675988047808,0.16989903679539742,0.05503429355281208
GM,251,35.15,41.8,0.17327172127403678,0.20951882222439996,13.254875888446218,-0.03003402182611954,0.040825035561877734
GOOG,251,786.14,1065,0.30359518452693096,0.15442522674049053,1.4772200956175299,0.16869464579395363,0.027527751630328792
GOOGL,251,808.01,1073.21,0.2838350017536162,0.15273472109679936,1.6169933585657372,0.1680684089875334,0.026524011666522355
GPC,251,95.63,96.58,0.009885102083944566,0.19830281074257583,0.8412006494023903,-0.04032976670031662,0.021210219944926657
GPN,251,70.5,99.56,0.34514776768116834,0.19552958051883323,1.1151078406374508,0.22456098599518315,0.0996406619385342
GPS,251,23.48,33.87,0.3663806718697845,0.31692944122238315,5.857477286852589,0.09267390627625713,0.00547984099943218
GRMN,251,49.19,59.54,0.19095800478038188,0.187430815767304,1.116173561752988,0.062452590234450725,-0.006207223690451919
GS,251,241.57,255.67,0.05672826425857758,0.1977338327013514,3.2380824103585666,-0.0721261199212279,-0.011103751845565809
GT,251,31.19,32.32,0.0355887030331827,0.23240873045706892,2.866752286852589,0.12406867932058314,0.022047664849844984
GWW,251,234.45,235.71,0.005359890320244796,0.284132625345103,0.9275434382470121,-0.2224506798674368,0.04975474514821933
HAL,251,55.68,49.61,-0.11542858971320663,0.25850546160697113,8.697634282868526,-0.19949402530255514,0.006663074712643718
HAS,251,79.8,92.08,0.14313425995786414,0.2719084901051296,1.3291852430278888,0.23935232858844027,0.08210944026733505
HBAN,251,13.32,14.6,0.09175486360204772,0.22280405400434436,9.434538306772911,-0.04060304952149183,0.009984984984984919
HBI,251,22.12,21.3,-0.03777510393875458,0.3251516848028306,5.3168931872509955,0.007207238404949167,-0.008378541289933816
HCA,251,74.46,89.51,0.18408828243827693,0.20396986952331742,2.2876752151394424,0.1357951458864474,0.07895962037783152
HCN,251,66.17,64.03,-0.032875464493257345,0.14820589098192377,1.7927720039840636,0.07747026167599377,0.005425419374338743
HCP,251,29.78,25.91,-0.13920803268184434,0.17933817962600565,3.6944418964143426,0.03885902146566347,0.021323035594358563
HD,251,134.31,188.03,0.33645096364639937,0.1320217789161162,4.485498645418327,0.1509866764846016,0.019077755441391765
HES,251,62.82,47.85,-0.27220237621153714,0.3106369947500559,4.142086087649402,-0.23507371403048008,-0.09730977395733842
HIG,251,47.75,55.27,0.14625119891843244,0.1423961020580665,2.3448990119521906,0.036801357134474265,0.00936823734729493
HII,251,189.05,228.01,0.18737795730481538,0.19594675774715858,0.3280364422310756,0.03395797254718711,0.02904698933262803
HLT,250,58,79.68,0.3175756027299235,0.15610566229531028,2.588031752000001,0.06830297839301383,-0.006017241379310287
HOG,251,58.94,52.06,-0.1241230777431293,0.22111012684375306,2.2283505657370513,-0.05941649543089517,-0.013165931455717615
HOLX,251,40.15,42.87,0.06554984021711506,0.20128876073764368,2.731383183266933,0.08289332038071238,-0.005923619759236226
HON,251,116.18,153.71,0.2799269976724544,0.10539193738762238,2.729462247011952,0.1269033471588824,0.02108509783669012
HP,251,78.76,65.35,-0.18664781370069405,0.32050566709013134,1.8155954860557773,-0.29943188834495604,-0.047896563399356724
HPE,251,23.2,14.61,-0.46244605290965624,0.47120109711910685,11.979310494023904,-0.20710900146695285,-0.004482758620689621
HPQ,251,14.85,21.32,0.3616457340489352,0.20173702372327118,10.834277948207173,0.260030541121271,0.015173961840628511
HRB,251,22.91,26.76,0.15533473879462364,0.3160243316658692,3.057153976095618,0.14254780262877526,-0.016601193074348874
HRL,251,35.29,36.36,0.029869631622099473,0.1908948681075258,2.3506153585657374,-0.025833813243003784,0.02436006422971576
HRS,251,102.72,142.07,0.3243130539423346,0.13498747367157843,0.7359375298804778,0.05906577504714376,0.0023299584631360447
HSIC,251,77.965,71.47,-0.08698222680496137,0.2216958569372123,1.2486951752988058,0.12334695497589679,0.024382735843006428
HST,251,19.13,19.94,0.04146998108153095,0.20272600017891831,7.1333672151394385,-0.07882372624266414,-0.042986583028402144
HSY,251,103.92,112.11,0.0758591598031581,0.13048482617239046,1.0127588087649404,0.024992986182282028,0.017513471901462598
HUM,251,197.61,251.64,0.24170410338111742,0.19509871485055494,1.3695589880478092,0.1549528044163608,0.020353220990840498
IBM,251,167.19,154.25,-0.0805562274640575,0.15687081166463004,4.259277211155379,-0.10417162467324442,0.03375401240106074
ICE,251,56.22,69.85,0.21707752022458493,0.19774110988370514,2.668378665338645,0.04945061584075803,0.024742084667378126
IDXX,251,117.6,157.81,0.2941027422955149,0.2423900167096696,0.6836285657370529,0.3275035666384525,0.073514739229025
IFF,251,117.17,154.56,0.2769564987841437,0.15728469303404055,0.44314384860557826,0.11042575729609069,0.0030411652584563004
ILMN,251,131.13,224.03,0.5355907739155051,0.2950912058988197,0.9417190677290838,0.3263878967238681,0.20264622893311987
INCY,251,102.32,100.89,-0.014074342850299243,0.37920343904441095,1.879744888446216,0.1291850767783374,0.1479834506124578
INFO,251,35.92,45.55,0.2375163802719684,0.15959540484649754,2.543377820717131,0.190086432191681,0.07177060133630278
INTC,251,36.6,46.85,0.24690276827711058,0.1702487438928935,23.82385459760956,-0.025177702905251648,0.0015755919854279381
INTU,251,114.75,158.72,0.32438579459590805,0.17519724804175457,1.472520637450199,0.10048590894588323,0.021658678286129236
IP,251,53.39,59.77,0.11288040032406801,0.18623158463787312,2.3017900677290823,-0.015858365189134787,0.013148529687207307
IPG,251,23.51,20.25,-0.14927106899943002,0.25888315151222596,4.831499470119522,0.04247099571841971,0.0022543598468735544
IQV,251,76.93,99.76,0.2598713839009376,0.17758290467009843,1.4811889203187252,0.08147155769256298,0.006204774903591834
IR,251,75.93,88.75,0.15601156513038278,0.17544877752776072,1.7123837808764937,0.1523994153625014,0.032942622590982754
IRM,251,33.1,37.61,0.1277366900992278,0.19088302010269162,1.3236069362549803,0.051806757708857516,0.06299093655589126
ISRG,251,213.9298,375.25,0.5619445466909293,0.19074798855259953,0.9651306494023905,0.27499274272695295,0.055569474971073084
IT,251,99.86,124.85,0.22334381165331904,0.19959131579580477,0.6649532191235065,0.12060522839410473,-0.004776687362307269
ITW,251,122.52,165.27,0.2993062181881605,0.13532764941375883,1.2017089641434262,0.11897940319263023,0.024863967787572126
IVZ,251,30.93,36.35,0.16146761728255013,0.19871855653882728,2.685831509960159,0.03868586398665016,-0.007145166505011319
JBHT,251,96.77,116.09,0.1820287234570933,0.19474983734204823,0.9444331713147411,-0.11717611023146811,0.01327890875271273
JCI,251,42.43,38.23,-0.10423511150591219,0.20045845589212244,5.18923225498008,-0.012331197277253377,0.009443004163720623
JEC,251,58.15,66.87,0.13972455710121387,0.21741001578881836,0.824945262948207,-0.06372486542946666,0.0027113786185154094
JNJ,251,115.84,139.23,0.18391731328378771,0.11287909761672917,5.849312346613546,0.061599122462013066,-0.012629488950276312
JNPR,251,28.6,28.7,0.003490404939768346,0.23060270089296514,5.148453980079682,0.06628524647251273,-0.032424242424242425
JPM,251,87.23,107.95,0.2131198485156891,0.16134683272053327,13.941096219123501,-8.027983687080876e-4,-0.013970728724827053
JWN,251,47.62,49.12,0.031013442780170385,0.35805325969451884,2.8348833545816725,-0.03005661617654168,-0.06206775864482709
K,251,73.37,67.97,-0.07644870136735607,0.18528591516593965,2.5802225856573693,-0.03721101254304036,-0.00590159465721694
KEY,251,18.26,20.17,0.099483476799298,0.22310871312955222,10.8345389561753,-0.0010958905206372234,-0.0029025191675794535
KHC,251,87.53,77.02,-0.12791646335758386,0.16611146384808353,3.1166802629482064,0.019795906888654097,0.009771887733729397
KIM,251,25.38,18.12,-0.3369451616714083,0.2545876606078409,4.357875167330678,-0.2774899026855532,-0.010244286840031444
KLAC,251,79.41,106.13,0.29004045286661156,0.2534115054944395,1.2630559203187253,0.23314250692823776,0.050081853670822365
KMB,251,114.56,119.07,0.0386128522507482,0.14276197281472822,1.8191514063745016,0.11179056665600688,0.038416550279329574
KMI,251,21.61,18.8,-0.139299300682891,0.18286683395115785,11.676347888446218,-0.07193896673423393,0.030109517198827675
KMX,251,64.82,64.76,-9.260689039667862e-4,0.23318213485853884,2.237240633466136,-0.08934221672556975,0.026905276149336625
KO,251,41.8,45.54,0.08569472110488298,0.0914165652202151,11.375529458167327,0.04376502796675898,-0.009992025518341196
KORS,251,43.08,64.03,0.3962928712425231,0.35505192120679363,2.476593900398406,-0.14728786999488985,-0.037233054781801285
KR,251,33.72,28.3,-0.17522932848446274,0.34569090861522916,12.110013920318726,-0.10266216922477499,-0.0039047054171609643
KSS,251,49.78,56.35,0.12396894354633935,0.39297021462369186,4.424943187250998,-0.29238038299380825,-0.16983393598500077
KSU,251,80.82,107.16,0.2820985850260805,0.20786262635510372,1.2167999840637456,0.11654495205140937,0.04864307514641601
L,251,47.2,49.89,0.05542668928143626,0.11263554687831714,0.866875438247012,-0.027710934330379158,-0.015642655367231712
LB,251,66.58,59.89,-0.10589468587050786,0.4284651118639115,4.214720713147411,-0.26952410965230983,-0.0892810653850005
LEG,251,49.35,47.86,-0.03065768339926342,0.1795873350289516,0.95035303187251,0.07436846796555391,-0.024248564674096564
LEN,251,42.0784,64.84,0.4323881519745946,0.2009186961861166,2.5117370398406367,0.17229244132475513,0.04494451626804569
LH,251,129.07,162.3,0.22909158167344926,0.18026765170563772,0.7076494422310756,0.0893265585788192,0.03169856150409354
LKQ,251,31.03,41.35,0.28711794300941146,0.16565488431892297,1.8158842589641433,0,0.014362444945751344
LLL,251,152.29,198.27,0.26384314028687167,0.1478224149161852,0.5507987450199204,0.09782017489181766,0.01781907325935178
LLY,251,74.6,84.68,0.12673893905694947,0.15032926684433637,3.6495752709163343,0.07263235313219163,0.026184092940125112
LMT,251,253.31,318.54,0.22913402071647623,0.11169835188307077,1.0246312948207172,0.07151885881228609,0.008483676128064431
LNC,251,66.91,77.91,0.15220588154804113,0.20304367526619274,1.461753585657371,0.014098326561358638,0.01923479300552991
LNT,251,37.93,42.11,0.10454288647302884,0.1228922018889513,1.2244456812749005,0.03802346060308054,-0.010624835222778769
LOW,251,70.95,91.62,0.25567418485254434,0.21431160839173205,5.926448673306774,0.17714019805195697,0.021353065539112058
LRCX,251,107.26,189.28,0.5679716066752976,0.27120319941044246,2.1937610199203186,0.3348460249353327,0.05417055130834731
LUK,251,23.3,26.78,0.13920197969137163,0.19029169417241062,1.6118693466135459,0.08629581345283585,0.015894134477825374
LUV,251,49.98,66.29,0.282416130846494,0.23969480371536467,5.149174442231077,0.1503706065976349,0.03844204348406036
LYB,251,86.88,112.23,0.25602248084253926,0.2014799360379998,2.5144829362549816,-0.05817452952068602,0.0541781767955802
M,251,35.23,26.31,-0.2919488973009448,0.44411060735351077,10.225185980079681,-0.36936614282454733,-0.12302961491153364
MA,251,105.39,151.91,0.36562048527372587,0.14179295554194568,3.1869326812749006,0.10048099563932653,0.02322168453679982
MAA,251,97.32,99.6,0.023157646675230723,0.14387110685640822,0.6698473187250994,0.014991867141060902,-0.0052096177558568725
MAC,251,70.98,66.61,-0.06354343079326238,0.2508873790553231,1.4826120637450186,-0.1764218346667664,-0.02179956795341422
MAR,251,82.5,133.75,0.48317409243548054,0.1672055440547219,2.4564407131474106,0.22018159328672327,0.0230101010101011
MAS,251,32.23,43.81,0.3069644059984608,0.16952397708795958,2.623183466135459,0.128515732505314,0.018336953149239874
MAT,251,28.48,16.02,-0.5753641449035618,0.46834618388477156,7.871860127490037,-0.23969479873093938,-0.010205992509363295
MCD,251,119.62,173.22,0.37024241128648777,0.12958646517398087,3.4202171832669337,0.18695051895756798,0.02391183191216627
MCHP,251,63.85,90.41,0.34781829827072674,0.21518932941701702,2.470912585657369,0.21341747096106406,0.057483685721743755
MCK,251,147.43,159,0.07555071535850316,0.26186844993849806,1.8575474940239045,-0.011803773660569316,-0.023785299238056435
MCO,251,95.47,146.13,0.4256845744766191,0.13445558031770408,0.8280245258964138,0.19106434497740804,0.06831814531615518
MDLZ,251,44.85,42.41,-0.05593940501830585,0.16606716237598843,7.903353840637451,-0.004245342092793408,-0.004362690449646996
MDT,251,70.61,82.21,0.15210517163578652,0.15175728398983593,4.909483266932271,0.16178930493868887,0.05994429495350055
MET,251,54.28,50.18,-0.07853929402839224,0.21182996712091368,5.294284928286854,-0.050440382806032684,-0.00848071726848449
MGM,251,29.48,33.51,0.1281318344280831,0.2526845690722546,8.516625466135459,0.04962976766758666,-0.01706241519674356
MHK,251,201.75,276,0.3133715585670918,0.13907572218613126,0.48433568924302783,0.15174736933479827,0.04495662949194544
MKC,251,93.59,101.23,0.07847161544149531,0.17129400178407442,0.8824159003984061,0.06664656584025312,0.004416426256366352
MLM,251,223.33,225,0.007449903972036732,0.2605194288272568,0.6307030597609562,0.04564444977000606,0.020060000895535706
MMC,251,67.87,80.4,0.16942006546925378,0.1277058627627687,1.780807470119522,0.08213728123138449,0.013466922056873455
MMM,251,178.05,235.64,0.2802408069296997,0.13147860106893933,1.8403956135458168,0.09986947757372584,-0.004086866984929473
MNST,251,45.54,62.71,0.3199298639193359,0.20322508167959283,2.176568322709163,0.05010682005417898,-0.042717025325720914
MO,251,67.63,70.74,0.04495951219048593,0.16727082690884987,6.82044158565737,0.04127731004107562,0.03636453250529844
MON,251,105.31,117.52,0.10970015047311606,0.07797177495304776,2.004196856573705,0.09573308395379386,0.026043743867312362
MOS,251,29.53,26.65,-0.10261754514397779,0.29067507809861415,4.507344804780876,-0.21993164761474582,0.07032396433005975
MPC,251,52.93,67.18,0.2384052983142506,0.35131009863310564,4.325257589641433,-0.00796665822012829,-0.06796397758045214
MRK,251,60.15,56.22,-0.06756887694230208,0.2744328959742211,9.772033625498006,0.06873792072986333,0.034546965918537044
MRO,251,17.76,17.38,-0.0216286177267782,0.5389471566219333,13.294439800796813,-0.2041803506064537,-0.03541666666666674
MS,251,43.05,52.19,0.19252867478158206,0.20933728357853262,9.268353015936256,-0.004189950263854065,0.011242740998838601
MSFT,251,62.58,85.95,0.31731999358812224,0.14723433902762062,22.437803964143423,0.08980389486130307,0.013119207414509396
MSI,251,83.6,90.55,0.07985866423876659,0.16855926219014625,1.0684081155378489,0.020834086902842053,-0.02459330143540667
MTB,251,156.74,171.19,0.08818566916196839,0.1747876469125288,0.7344075537848608,0.010724473762232987,0.02094126153715278
MTD,251,422.35,626.1,0.393675748577759,0.16619144448646134,0.15626187649402387,0.2690533740390244,0.02848427449587621
MU,251,22.55,43.67,0.6609263015487822,0.35451725189139366,30.542536952191234,0.25259471208785117,0.028499630450849973
MYL,251,39.11,43.11,0.0973767999916205,0.3199201115154736,6.012574737051794,0.008148759122113094,-0.025483678513594215
NAVI,251,16.62,13.63,-0.19833354371886083,0.3431634238283783,3.038509745019922,-0.14685684722167217,-0.044123545928600134
NBL,251,38.43,30.19,-0.2413276608580051,0.3139782617895401,5.125025936254981,-0.20394316764887782,0.013808656431607303
NCLH,251,42.79,54.96,0.25030121748536843,0.25088534666056117,1.867606047808764,0.2130436416186901,0.08752044870296809
NDAQ,251,66.68,76.74,0.140518026936213,0.131651552181514,0.8789465179282868,0.007768189646510544,0.028079384123175313
NEE,251,118.72,155.09,0.2672378141522912,0.12282690582227225,1.6898605059760956,0.12583677046348013,0.021709344115004452
NEM,251,34.63,38.16,0.097067488165755,0.24536792377513103,5.369863478087651,-0.033772112793056225,0.03396862065646353
NFLX,251,127.49,201.07,0.455615175987525,0.2757982931908791,6.591328729083665,0.21796899725897884,0.07732371166365982
NFX,251,42.16,32.9,-0.24799924646178065,0.40287469199493775,2.8588230717131475,-0.1961741785971946,-0.013132511068943663
NI,251,22.19,25.36,0.13353139262452257,0.14186970075984495,2.5750300876494023,0.08422847872488283,0.0018326573531620833
NKE,251,51.98,63.49,0.20002338396901445,0.21711597592175955,9.615004585657369,0.04255961441879611,0.029036809029113847
NLSN,251,42.27,36.66,-0.14239137216713968,0.21426382477182476,2.970709175298805,-0.038832806378498175,-0.005654128223326338
NOC,251,234.89,305.24,0.26198103296968833,0.12313910394098763,0.7748704940239045,0.05237406737301186,-0.010262959967076747
NOV,251,37.81,36.8,-0.027075772727956356,0.2700611524228479,3.272372565737051,-0.11211281541386857,0.01931587763378297
NRG,251,12.3,28.9,0.8542423327400145,0.39357598607919114,6.054207745019921,0.21629085685216926,0.2607588075880758
NSC,251,106.99,146.96,0.3174250687563551,0.2624859657902386,1.738221374501992,0.08712820351405672,0.08225690874536566
NTAP,251,35.57,55.57,0.446140901331466,0.2517827173924238,2.95084287250996,0.11887574427730835,0.04526286196232779
NTRS,251,89.64,99.46,0.10395390435386613,0.18940440607701525,1.1250590517928287,0.007446547329981094,-0.040777926520898386
NUE,251,59.61,66.52,0.1096793090928918,0.2599657686580549,2.71412170119522,-0.035516794356633075,0.008516468154112822
NVDA,251,102.01,199.35,0.6699912261329364,0.39917973843790566,17.142565657370522,0.2151714604731473,0.06427801195961182
NWL,251,44.92,31.64,-0.3504609869707894,0.6365497710648815,4.82907237450199,0.17405058084053052,0.038720688631641464
NWS,251,12.05,16.8,0.3323142264725492,0.19897519791133866,0.5168097410358566,0.07588469752487267,0.045504840940525475
NWSA,251,11.69,16.43,0.3403751565651996,0.19585256860732958,1.9497098844621512,0.0812921735251029,0.04568006843455951
O,251,57.49,56.62,-0.015248739951446126,0.16582663399035927,1.7550888565737055,-0.05451184185193429,0.037716704354380404
OKE,251,58.75,54.65,-0.07234193840172086,0.23475477543368062,3.192610844621513,-0.13618536722865904,-0.04674042553191493
OMC,251,85.07,72.77,-0.15617066462879792,0.18037180021602792,1.9431497211155386,-0.013014854792321104,0.0054543317268133645
ORCL,251,38.55,46.63,0.1902880108108911,0.1768135289742668,13.624857366533865,0.15825563927212283,0.030082144401210546
ORLY,251,280.82,249.26,-0.11921736628826538,0.32568616370925974,1.2895683625498011,-0.09144329791567542,-0.03424732331505344
OXY,251,72.27,73.98,0.023385681109418334,0.1827774862790789,4.4698937410358575,-0.16838835805984623,-0.047769936811032636
PAYX,251,61.06,67.31,0.09745182671589,0.15001105673177656,1.9882654302788847,-0.065477929379507,-0.0140954252647669
PBCT,251,19.29,18.8,-0.025729957081734083,0.17512507566380348,2.8956149760956182,-0.11758865330568882,-0.012942802833938116
PCAR,251,65.32,73.02,0.11143510812522656,0.20076958269932593,1.8981705856573705,-0.014650582037739664,0.028158807919983823
PCG,251,60.37,44.49,-0.3052278479903842,0.2521344620716694,3.50427370119522,0.08794959279288156,0.016917895201811133
PCLN,251,1477.57,1784.75,0.18887950289802155,0.22201759817166059,0.45189931075697215,0.2048929178854813,0.05942324221525893
PDCO,251,42.55,37.88,-0.11625658670150553,0.24590006201612935,1.323606952191236,0.01770370020715222,-0.01687426556991766
PEG,251,43.39,51,0.16159663291406634,0.12815361864502361,2.8336019521912355,-0.014392077571442015,0.005554275178612575
PEP,251,104.65,118.06,0.12057152092053448,0.09843474955715495,3.6436409163346606,0.0771202894842632,-0.005612358655836918
PFE,251,33,36.44,0.09915951092527735,0.11223294657028411,19.66180712350599,0.0012113871862970882,-0.02275757575757569
PFG,251,58.58,70.38,0.18351579049385155,0.16101944635654317,1.100644374501992,0.08127628744178264,0.006708774325708444
PG,251,84.2,90.65,0.0738110159525791,0.10906741000948969,7.294644888446218,0.023127168003394406,0.025047505938242214
PGR,251,35.53,55.36,0.4434799012764783,0.13990883347722835,3.0494894900398415,0.12423557592876107,0.03523782718829165
PH,251,142.55,199.88,0.33802437111732314,0.17127759336773815,0.97965080876494,0.10940004830914328,0.02529638723254994
PHM,251,18.55,33.37,0.5871875037098384,0.1857121585489832,5.013028637450198,0.21589361424029238,0.08652291105121296
PKG,251,85,123.61,0.3744801914094153,0.18487396847492205,0.8741424541832667,0.18711397635315505,0.06475294117647065
PKI,251,52.99,73.91,0.3327449202921246,0.16102390977141612,0.625105390438247,0.16602287973238483,-0.001377618418569549
PLD,251,52.8,64.01,0.1925281304416963,0.15912887010089835,2.3708292310756978,0.03388892533334312,-0.029431818181818087
PM,251,91.23,104.39,0.13475009506282404,0.14532943571863022,4.140712605577689,0.19785665935777474,0.05032701231320096
PNC,251,117.97,144.62,0.20367925789305483,0.17751433486771684,2.164359346613546,0.03145726821202728,0.016323359046085208
PNR,251,57.95,70.23,0.19219500038516843,0.1961278718931049,0.9778996772908366,0.1157293512594446,0.011987345412712043
PNW,251,77.32,83.89,0.08155376251807323,0.12061037774157958,0.667268203187251,0.08631057966926071,0.003970512157268523
PPG,251,95.25,118,0.2141796104588545,0.1611502444797808,1.415348250996016,0.120613671293865,0.03924409448818897
PPL,251,34.03,30.6,-0.1062424795544793,0.12240520470326936,3.517150167330677,0.12445417447340586,0.020276226858654062
PRGO,251,86.5,89.69,0.03621486619207815,0.3422092883809103,1.655582107569721,-0.13773509608245507,-0.09205780346820802
PRU,251,104.86,115.45,0.09621140865611773,0.17120758160212649,1.8315512470119522,0.02755876264915044,0.011059190031152645
PSA,251,223.52,206.32,-0.08007253393556249,0.17336189594908516,0.8414530119521912,-0.06970574951430611,-0.01981329038415661
PSX,251,86.79,101.75,0.15902741666655082,0.15060795334312493,2.1681514462151403,-0.08748284530783494,-0.04756692399277963
PVH,251,90.98,138.97,0.4236183803566326,0.23246840899933033,0.9976010278884456,0.10378750510891008,0.0026452700227156457
PWR,251,34.91,39.24,0.11692331358021787,0.2209053179935696,1.5448609561752986,-0.037949679379930316,0.02365129380311287
PX,251,116.9,156.19,0.28975434639160824,0.1415820652674578,1.3618376812749007,0.0991909670405953,0.002420872540632909
PXD,251,186.6,172.92,-0.07613822861381252,0.29313837514681806,1.8131795577689245,-0.08578441881519748,-0.013919256877456187
PYPL,251,40.25,73.84,0.6067905863300245,0.22105238004872863,7.810303191235058,0.21089492923801065,0.015552795031055843
QCOM,251,65.4,65.2,-0.003062789530545767,0.27454567092797516,11.139107262948201,-0.17902424660740426,-0.09979612640163105
QRVO,251,52.9,68.88,0.2639625212552217,0.2740921286704361,1.5064046852589648,0.23658774344491068,0.15308128544423438
RCL,251,83.87,120.38,0.36138542512330457,0.22472224141409874,1.5274196772908368,0.25526776037251175,0.07097889591033746
RE,251,216.04,216.47,0.0019883939870737506,0.2080520380228031,0.41614629880478105,0.12342448128516413,0.02660772696414245
REG,251,68.89,69.54,0.00939109697461105,0.1876694004863679,1.1427540039840636,-0.10151314973496829,0.012701408041805777
REGN,251,379.7,382.6,0.00760858976839603,0.29112826060890273,0.8891000119521911,0.148370055181722,-0.04749626898428585
RF,251,14.43,17.37,0.18543520746723416,0.22732541758831712,14.744810099601596,-0.01747685168179808,0.004550704550704573
RHI,251,49.76,55.91,0.11653180660762999,0.2326325541725031,1.0428492828685254,-0.04606077337653439,-0.02714362272240076
RHT,251,70.12,121.04,0.5459130094270667,0.20762643480762766,1.677227549800797,0.23335930417580864,0.07504278379920137
RJF,251,69.68,88.86,0.24314876496351503,0.1971546165118146,0.7820296892430284,0.07290789200435932,0.073574435514734
RL,251,90.63,104.88,0.14603155538875406,0.293067040699703,1.5172998326693232,-0.13443026908953962,-0.0579388723380778
RMD,251,61.95,85.53,0.3225395835175388,0.21341195298601678,0.8296583107569718,0.09215015512805917,0.07052999730965827
ROK,251,138.54,197.66,0.3553892903535789,0.19528468729234552,0.8586275617529877,0.12425834427369002,0.04671334391992684
ROP,251,184.93,260.56,0.34285578587119275,0.13392897931857334,0.4284984900398408,0.1862522486456469,0.032019322626579444
ROST,251,65.61,80.5,0.20452906106773147,0.22957875863102364,2.9148338565737046,-0.00580863754878145,0.012330437433318053
RRC,251,32.6,17.92,-0.5983948808258774,0.39982659598408776,5.958713581673305,-0.2479895499007405,0.0297955010224949
RSG,251,56.87,66.58,0.1576362708281706,0.11500206503183892,1.153024824701195,0.10774907979178554,0.008903346814372033
RTN,251,145.22,186.28,0.24900108416207573,0.1277583023871727,1.447241601593626,0.09021401975662756,0.012475324794564573
SBAC,251,105.53,160.63,0.4201083108866759,0.180064061947074,1.1839469083665335,0.19084509516358247,-0.002302662749928883
SBUX,251,55.35,57.63,0.040366606293929005,0.17459413295865686,9.296077836653385,0.08515780834030696,0.02458897922312551
SCG,251,73.25,38.87,-0.633655503033045,0.2799973263372921,1.4748577410358565,-0.11198078866721459,-0.039695108077360694
SCHW,251,40.2,51.44,0.24654908430438843,0.2262018490526955,6.989743235059759,-0.004487666469388017,0.01886401326699833
SEE,251,46.5,49.42,0.06090288796715334,0.19312949766793436,2.202707051792829,-0.07523350193355878,0.03954838709677416
SHW,251,274.54,413.7,0.41004410364385213,0.16493832942837247,0.6168557689243027,0.1979583573104294,0.06567470435394958
SIG,251,94.94,55.29,-0.5406530527733304,0.5482897130855313,1.8901091713147413,-0.43128538386809784,-0.1495119724738431
SJM,251,128.97,123.72,-0.04155887135943102,0.20582394419167482,1.1012024103585656,-0.030946133063078644,0.03897805691246038
SLB,251,84.8,69.52,-0.19868106184072082,0.18249288449225676,7.208653183266932,-0.1666896570783962,-0.006882861635220033
SLG,251,108.53,100.64,-0.0754768395057932,0.16855795635797347,0.7630054462151392,-0.04774491684106437,2.2113701280752703e-4
SNA,251,171.15,176.89,0.03298770547922178,0.1979144697643435,0.6026194302788846,9.9278777097577e-4,0.01778167299639686
SNI,251,72.37,86.64,0.17996975381469887,0.2245398264692714,1.5894990996015927,-0.051169668363387856,0.0419971443047303
SNPS,251,59.37,86.03,0.3709070243506728,0.1551275961862755,1.0821243984063742,0.22687583990560084,0.05067093369266195
SO,251,49.04,47.17,-0.0388781943317856,0.12408316699858636,4.729616338645419,0.014776101242506858,-0.002875203915171253
SPG,251,182.62,172.42,-0.05747413040641514,0.20593358208649382,1.8118910836653388,-0.12117010359838756,0.0019694812543350633
SPGI,251,108.39,168.12,0.4389421763092574,0.14016783425515267,1.1034629721115539,0.23672376936487188,0.09053110680567093
SRCL,251,75.84,68.56,-0.100916583657242,0.22545103221022314,0.8176444422310756,0.11379007673989916,0.03024789029535861
SRE,251,101.13,105.35,0.040881322336119,0.13918712168121897,1.157929537848606,0.09645117349092987,0.013823791159893309
STI,251,55.49,64.86,0.15602827654136206,0.2013173172864657,3.4170263904382465,0.025970865555381292,0.017907130413888313
STT,251,79.25,96.72,0.19921279354914728,0.17201263127292082,1.9341401952191244,0.04418290185278264,-0.0010683491062039566
STX,251,39.62,42.93,0.08023684096606444,0.4043224453757722,5.055014876494025,0.06969933566327861,0.04883055695776558
STZ,251,154.75,226.56,0.38119889894064957,0.17833722314085376,1.4523654741035863,0.1416005264819734,-0.02188260635433499
SWK,251,115.75,168.51,0.3755624022461075,0.14001137904901348,0.947453593625498,0.1765453674489029,0.04778977681785457
SWKS,251,75.15,98.43,0.26985951944213643,0.26538371188501203,2.034105111553785,0.3114492776751342,0.13987580394766008
SYF,251,37.06,38.86,0.04742722309208028,0.28198775122286274,6.958124936254982,-0.31929731403370626,-0.01859147328656233
SYK,251,119.43,157.9,0.2792314955812608,0.14992421160750935,1.1655127689243026,0.12135846468552436,0.02240363950989414
SYMC,251,24.01,28.91,0.18571714579509285,0.2381216768407264,6.62153755378486,0.27024648739696994,0.11949187838400664
SYY,251,55,60.5,0.09531017980432493,0.16501983965496986,2.8577155976095607,1.8180165489567403e-4,-0.025496969696969657
T,251,43.02,38.54,-0.10996846085336376,0.17558139987692103,25.302274250996028,-0.11256653973749234,-0.0370447853711453
TAP,251,97.88,82.24,-0.174100436867616,0.16944109935261065,1.5619639601593627,-0.04588775987124664,-0.009137038550606063
TDG,251,250.54,275.11,0.09355242927185245,0.2575871460013556,0.7640012310756977,-0.029940051566250975,-0.042454963944546405
TEL,251,68.96,95.32,0.32371302587510375,0.15256808173678132,1.4399679521912352,0.10337188070069615,0.04482308584686787
TGT,251,72.75,67.63,-0.07297723446475343,0.30361750367615326,7.293207346613546,-0.2606063603149597,-0.07952348224513164
TIF,251,77.79,106.43,0.31347460383427017,0.21887734288136715,1.6488932669322705,0.16799305650863963,0.018378540515061863
TJX,251,75.45,76.69,0.016301136562909917,0.17108043312547613,4.196838358565738,0.05190940673823001,0.0033841396068035206
TMK,251,73.92,90.21,0.1991568583351185,0.110255436484918,0.44515880478087655,0.02220827058791413,0.0035669191919191776
TMO,251,143.67,192.98,0.29506755356961006,0.16795713216725103,1.5515868804780877,0.17420303130233475,0.03039140623187395
TPR,251,35.51,45.26,0.24260929325039482,0.27667158694254074,3.3196693984063743,0.2529401907149672,0.02134609969022818
TRIP,251,47.51,34.77,-0.31218526917905975,0.42761297122589437,3.1299412749003976,-0.0403748202595187,0.08781309198063575
TROW,251,75.84,103.08,0.3068795278373979,0.18096641825927676,1.6543985537848596,-0.0624310387980065,-0.058298171589310874
TRV,251,120.9,131.98,0.08768663833452851,0.13048433501126583,1.4791842908366535,-0.002982109565848993,-0.023041080783016303
TSCO,251,75.9,75.68,-0.002902759657961351,0.25779462585256374,2.19517660557769,-0.2307481506994292,-0.014808959156785368
TSN,251,62.58,80.62,0.25330101944828376,0.1953567148739613,2.612205338645419,-0.07514103009683555,0.01053052093320548
TSS,251,51.44,78.48,0.42242773532774386,0.17453996920219894,1.2574119083665336,0.11916448985639685,0.024974079834110933
TWX,251,96.76,91.91,-0.051423848371808495,0.1298073686248185,4.7825899561753,0.021268695378582694,-0.010855036516466944
TXN,251,73.58,105.57,0.3610009903249751,0.16091868687689884,4.583839936254981,0.08864092650829251,0.026719217178581247
TXT,251,49.25,57.3,0.1513912561025959,0.1824670524744421,1.520483749003984,-0.013903311260444426,-0.008832487309644716
UA,251,25.76,13.97,-0.6119107279672824,0.5127619188577549,4.51679379681275,-0.28097583117169767,-0.09543219461697731
UAA,251,29.87,15.03,-0.6868064284631353,0.5372951103580682,5.558325091633466,-0.35280849839547695,-0.11016627608525834
UAL,251,72.71,68.94,-0.053242365573246075,0.2993679526587315,4.33542874501992,0.06199092448307358,0.004524824645853497
UDR,251,35.95,38.06,0.05703477770094768,0.13371257900540667,1.3698616294820716,0.04514088831518913,-0.011877607788595259
UHS,251,106.71,115.6,0.08002108160980358,0.21634925096058535,0.7958024501992031,0.14068641092252956,0.05827944897385445
ULTA,251,256.68,229.63,-0.11136085495153564,0.28043522790363695,1.0300374023904388,0.1556522567648845,0.04149394836631863
UNH,251,161.45,221.16,0.31469092426544804,0.1419510051637916,3.078782023904382,0.07094409966742442,-0.001350263239392935
UNM,251,44.28,54.86,0.21425137766902094,0.16329932459940247,1.196590199203187,0.04244669024725705,0.03112767238783492
UNP,251,102.52,135.78,0.28097802737763067,0.17447430117953333,3.646625832669323,0.07133114223276385,0.03818441930029922
UPS,251,115.08,123.67,0.07198918907061858,0.1581849741129952,2.7113813067729073,-0.09979537097636612,-0.025223033252230288
URI,251,109.31,173.58,0.4624507059103547,0.3033493739378714,1.5269306454183262,0.04577540002387939,0.07859909126947826
USB,251,51.46,54.03,0.04873464100237622,0.141656612049856,5.982691015936255,0.003491759124843626,0.01524808913071641
UTX,251,110.83,128.16,0.1452819875324873,0.13051827026935914,3.0378839840637455,0.09010442610649994,-0.0022557069385545432
V,251,79.5,114.51,0.3649051337649619,0.1297809504390526,7.67397225498008,0.14711792160097492,0.044763102725366884
VAR,251,90.68,110.98,0.2020131792584269,0.21571294010612682,0.843106135458167,0.0612731050369607,-0.05692177620938107
VFC,251,53.4,74.42,0.3319139769523273,0.19161252291314948,2.988756382470122,0.027338237451480608,-0.03654182272159796
VIAB,251,35.9,31.19,-0.14063976487452126,0.3454014497186801,5.10873722310757,-0.039198429279005825,0.1289600742804085
VLO,251,70.42,92.8,0.2759693260652484,0.18092534619186962,3.9664456693227104,-0.059533552948690074,-0.0506579570197861
VMC,251,124.64,131.87,0.05638700669716959,0.24504408872122396,1.2489653665338647,0.03469285169451514,0.015473898160034274
VNO,251,104.72,77.32,-0.3033374672615145,0.2710066467911349,1.0081325936254983,-0.10799533933164053,0.011822001527883876
VRSK,251,81.32,95.83,0.16418379959552507,0.15459119364191018,0.8158489641434262,-0.03809984623227029,0.015129529431054283
VRSN,251,77.31,109.47,0.34782722578408254,0.1333850755428344,0.8089417290836654,0.14552105747345115,0.0479756823179408
VRTX,251,74.89,152.91,0.7138291427587844,0.3667935164053447,1.7713918685258965,0.4320373032753632,0.1205412382605599
VTR,251,62.13,59.76,-0.038892423251040635,0.15681219291088408,1.7146219521912354,0.04469666081683697,-0.004275980471055337
VZ,251,54.58,53.53,-0.01942527087490249,0.17400645992240582,15.547355689243028,-0.17059143067297244,-0.06931721021131058
WAT,251,136.43,195.69,0.3607201119013315,0.16870985485922896,0.5054334621513945,0.2329610666932363,0.04773876713332848
WBA,251,82.96,74.95,-0.1015373393726651,0.18361008566506867,5.455331621513948,0.03015781202144281,-0.006436837029893827
WDC,251,69.43,81.38,0.15881049180836174,0.3038081375315465,4.144459788844621,0.2559287279987225,0.08236593211387964
WEC,251,58.49,65.77,0.11730800785832513,0.11701909857355415,1.6439431553784858,0.033622262663888396,-0.0035048726277995945
WFC,251,56,61.09,0.08699649592652631,0.17713086069510034,18.349299593625496,-0.04119408754780408,-0.005184523809523865
WHR,251,182.93,167.99,-0.08519911218108392,0.23160790324688565,0.8385085657370517,0.014759614619882146,-0.0163195393502068
WLTW,251,123.24,146.99,0.17623088352542923,0.13297757254165582,0.80020403187251,0.14492758482174076,0.01647733419885326
WM,251,70.52,86.1,0.1996130539040156,0.11069168364734361,1.6790608844621513,0.02837962180052743,-0.009108527131782843
WMB,251,31.46,31.14,-0.010223731224279503,0.22406879742548733,6.3459356215139495,-0.038559774596504524,-0.07418944691671964
WMT,251,68.66,98.59,0.3618030485574041,0.1787632334098736,8.898453247011952,0.10327561728857516,-0.015613166326827887
WRK,251,51.22,64.71,0.23378566829779548,0.1994190739619101,1.4591979003984064,0.058025754195289304,0.03373682155408047
WU,251,21.97,19.08,-0.14103722037637842,0.16841136496435632,4.276514888446218,-0.12131680963865972,-0.05270823850705497
WY,251,30.36,35.3,0.1507570114118218,0.15744299663760516,3.2728845418326684,0.08247210455621057,0.033629776021080394
WYN,251,75.95,116.84,0.43073024847775837,0.1845158911552011,1.0968756334661351,0.23656200722952578,0.03704191353960938
WYNN,251,87.46,164.3,0.630512479058448,0.2659450458574878,1.9903537131474112,0.33472296980439703,0.08777726960896418
XEC,251,138.79,125.51,-0.10057656269539353,0.25476720242015066,1.0353736494023902,-0.15990730438347184,-0.016228354588466932
XEL,251,40.62,47.81,0.16297426648577348,0.10890282811284271,2.628756804780876,0.10572972371075592,0.011488593467914048
XL,251,37.73,34.02,-0.1035069470085032,0.21200964144772172,1.93567052191235,0.10339728578044861,0.007403480872868637
XLNX,251,59.07,67.88,0.13901825904688164,0.21469705750814486,2.5633895059760956,0.08918158401098517,-0.01173466508662045
XOM,251,90.89,85.03,-0.06664584873297784,0.11422237979421464,10.945382023904383,-0.0955192455562651,-0.06205669857336704
XRAY,251,58.62,67.14,0.13570405626914245,0.1990810840956396,1.6221959721115542,0.06728551235612881,-0.020288866143523206
XRX,251,27.56,29.37,0.06360829906507104,0.31147785670710626,2.3853773665338633,0.0272028226800612,0.02481857764876637
XYL,251,49.65,68.07,0.31553819696867835,0.16815169135849933,1.1739336135458165,0.024471528540685187,-0.01580396106075864
YUM,251,63.21,81.6,0.2553667454858538,0.13468722521138066,2.1672680438247003,0.0895262734729663,0.03424036281179147
ZBH,251,103.33,124.06,0.1828375693187079,0.19879417704280405,1.3582230239043824,0.15802807096791185,0.10617761863285913
ZION,251,43.18,50.7,0.1605484855104763,0.2256370146593856,2.483873816733067,-0.06654764011955698,-0.003991045236992458
ZTS,251,53.59,71.77,0.2921040779352215,0.14748078714165935,2.6941862629482065,0.10830448916423074,0.016215711886545994
